author,avgword,avgsent,punctratio,nnratio,vbdratio,rbratio,jjratio
user,4.4462540716612375,23.615384615384617,0.742671009771987,19.54397394136808,0.32573289902280134,1.6286644951140066,4.234527687296417
