author,avgword,avgsent,punctratio,nnratio,vbdratio,rbratio,jjratio
user,4.584507042253521,35.5,0.7112676056338029,11.267605633802818,3.5211267605633805,4.225352112676056,9.859154929577464
